id,name,created_at,updated_at
3788,rem,1999-04-09 11:59:11,1972-09-27 20:25:48
831,doloribus,1987-06-21 20:57:28,1985-11-02 04:59:23
4383,inventore,2002-11-17 20:37:35,1981-01-29 21:15:11
2911,fugit,1970-11-22 13:58:35,2021-10-22 23:11:36
4244,quas,1985-11-22 16:47:29,2002-06-28 21:56:59
5993,tenetur,1987-11-28 07:16:17,2002-02-24 12:58:04
8477,eaque,1994-07-11 06:57:04,1970-08-06 20:30:56
3380,doloremque,1997-08-10 19:17:45,2019-10-21 06:03:26
5166,ab,2006-10-12 01:44:19,2009-07-03 09:09:36
2279,natus,1987-09-14 23:03:56,1980-02-15 18:15:53
4463,ipsa,1974-07-06 00:23:58,1989-01-08 04:00:11
4075,quae,2022-05-21 05:32:45,1988-04-14 12:39:09
5438,velit,2024-05-04 10:44:34,1971-08-11 16:23:25
4273,quis,2019-05-28 04:37:52,1971-06-26 14:56:28
2533,quaerat,2019-09-17 07:12:55,1971-12-09 06:54:20
5493,maiores,2000-05-20 18:23:20,1984-01-23 09:17:52
738,voluptas,2002-08-13 03:17:12,1975-05-14 14:40:18
963,velit,1972-02-24 15:32:27,1976-12-04 22:44:38
8729,itaque,2001-01-19 06:54:29,2011-11-12 09:46:32
9618,quasi,1993-09-17 16:28:14,2023-05-23 00:05:12
176,officiis,2017-10-01 19:12:50,1975-04-23 09:56:47
1115,ex,1989-05-04 15:52:47,1981-02-23 14:02:27
4100,voluptate,1979-10-23 15:39:02,1970-08-15 06:13:42
391,possimus,2010-12-22 07:33:19,1998-10-29 12:13:59
7007,eum,1979-01-27 02:44:20,2010-05-27 12:07:08
6858,voluptates,2021-02-07 21:15:49,1975-03-18 16:55:31
2237,aut,1996-12-25 19:38:59,2012-11-05 20:44:29
5101,a,1986-01-07 01:09:18,2008-11-17 14:59:07
4789,dignissimos,1984-05-25 23:16:13,2005-09-29 10:10:39
1178,amet,2023-06-28 18:46:01,1982-06-22 23:44:53
1990,dolorem,1993-03-01 09:17:03,1996-02-01 09:19:27
8072,consectetur,1982-10-02 17:52:25,1994-10-13 14:38:32
5284,minus,1995-08-03 17:13:32,1992-09-01 05:29:56
5978,ipsam,2004-08-12 07:57:45,1991-03-30 11:39:50
3781,sapiente,2007-12-18 02:35:23,1998-12-22 01:58:04
7968,ab,1997-03-27 14:46:11,2005-05-19 04:24:55
5995,reiciendis,2010-11-10 17:09:31,2019-08-26 03:29:36
5402,porro,2021-03-27 05:22:34,1975-09-09 00:49:10
7912,voluptatem,2002-07-16 16:01:53,1999-02-16 19:36:07
5838,ducimus,2004-10-15 09:23:53,2017-04-27 15:57:11
8129,maxime,2005-05-19 12:48:03,1985-05-16 09:39:50
3363,amet,1982-09-11 20:13:30,2006-07-15 11:23:36
6800,accusantium,1981-11-07 19:50:17,1981-07-15 18:51:41
7013,vel,2011-09-21 01:57:35,2015-04-07 23:02:13
6785,corporis,1983-09-17 05:24:25,1994-08-10 21:51:02
5668,ducimus,1975-05-06 20:51:18,1977-08-21 18:32:47
2369,amet,2009-04-03 17:08:58,1989-10-23 18:53:33
1682,deleniti,1984-08-08 20:53:04,1971-01-15 18:07:32
8782,laborum,1995-07-11 01:05:46,2016-05-31 10:49:40
9206,culpa,1992-07-18 04:39:39,2011-11-22 21:59:00
9416,nulla,1996-03-04 17:33:42,1992-04-04 05:17:28
8962,porro,2005-04-07 00:51:17,1975-09-08 17:57:32
1311,accusantium,2015-05-30 17:46:05,2002-01-27 23:09:07
9112,impedit,2008-01-02 11:53:39,1990-07-18 04:08:28
2765,eveniet,2000-04-23 11:31:32,1986-10-22 07:57:15
4691,ea,2008-01-13 16:30:10,2010-08-17 18:49:55
1125,quo,2021-01-08 06:19:24,1977-09-27 04:56:40
9610,id,2016-11-25 18:59:49,2007-01-30 04:19:36
3955,eveniet,2008-08-01 03:31:27,1992-01-18 20:50:10
8726,repellendus,2020-08-19 01:31:17,1986-07-24 10:16:10
3779,fuga,2013-04-22 06:42:57,2022-04-07 00:55:02
6338,illo,1982-11-19 22:27:36,1992-05-15 17:54:27
6024,tenetur,2018-01-19 22:10:10,1984-10-10 12:28:48
5987,qui,1981-05-12 06:48:39,2018-06-18 03:52:54
7322,consectetur,1996-07-19 19:01:12,1994-07-29 21:54:18
4243,itaque,2001-02-22 08:56:41,1982-08-04 16:31:42
5423,id,1994-11-11 06:35:38,2014-11-26 08:58:14
935,unde,1999-11-27 16:32:53,2009-12-16 10:08:35
8691,adipisci,2007-04-16 09:50:56,2014-03-06 21:18:04
9241,necessitatibus,2012-03-09 16:54:46,1989-03-13 00:14:49
3014,repellat,1988-06-06 10:52:25,2002-11-20 03:55:15
198,commodi,1997-02-06 02:09:05,2000-01-20 00:19:56
1460,quae,2010-06-26 20:24:04,2011-11-23 23:13:26
3315,molestiae,1982-05-03 09:48:07,1995-01-04 04:12:40
4622,unde,2007-10-13 11:05:10,2013-01-01 09:08:21
8918,corporis,2003-12-23 00:27:34,1998-03-11 21:57:52
5398,mollitia,2013-06-04 03:15:38,1971-06-15 18:51:40
2451,doloremque,1997-10-06 01:13:26,2015-06-17 19:58:17
913,eius,1980-09-16 12:37:44,2006-05-10 17:34:51
8776,perspiciatis,1974-02-13 01:34:28,2006-10-28 00:35:08
9825,alias,1995-11-10 07:39:48,2019-05-11 18:30:35
8700,magni,1970-09-05 11:15:10,1988-07-16 03:00:05
4333,pariatur,1989-09-17 03:10:05,2022-03-09 21:20:00
4184,laudantium,1993-01-04 16:55:41,1973-07-25 21:01:37
5288,ullam,1995-07-05 17:49:51,2008-05-11 19:16:18
5545,minus,2007-12-02 10:09:45,2015-05-31 05:05:53
2155,sed,2020-03-25 07:34:58,2020-10-08 18:26:25
3726,quo,1994-05-27 08:08:42,1998-08-15 17:13:18
1835,ad,1971-02-04 13:10:35,2010-12-26 13:37:07
1807,architecto,2013-05-28 02:13:57,1980-08-05 13:53:57
5916,alias,1974-03-25 13:01:35,1972-09-12 16:54:51
8676,iure,1997-06-23 12:25:20,1974-11-25 17:27:29
4002,non,2022-08-21 21:20:21,2024-04-21 18:16:58
9073,repellendus,2018-11-04 10:52:43,1995-07-27 05:36:00
7048,unde,2018-06-03 14:51:30,2019-05-29 15:19:16
7906,vero,2021-06-21 03:44:46,2020-03-16 23:49:37
1595,ullam,1983-05-30 11:33:28,2022-05-15 23:58:52
4121,dolorem,1995-05-14 06:16:11,1998-07-05 16:59:29
13,ea,1972-11-20 00:48:28,2023-04-20 22:29:39
8766,excepturi,1992-04-29 08:32:11,2008-07-12 23:38:32
1544,quidem,2010-06-18 20:01:13,2008-08-07 18:49:34
3711,tenetur,2020-05-25 04:40:11,1999-12-13 03:03:57
3126,mollitia,2011-06-30 17:05:59,1975-10-22 11:57:01
9990,veniam,1980-04-24 12:11:06,2018-04-02 01:45:52
1128,vero,2002-01-02 02:01:03,2002-09-13 21:31:16
9685,iure,1977-11-06 21:24:53,1991-11-23 15:27:05
1504,adipisci,1978-04-30 07:13:44,2011-01-16 17:33:54
5913,explicabo,2021-08-21 09:20:53,2006-04-29 16:44:22
7725,ex,1985-01-14 19:19:52,2016-09-29 03:01:20
9662,illo,1983-08-18 22:53:58,2022-06-23 13:31:37
5274,vel,2008-08-07 09:32:17,1996-04-01 01:23:03
3140,soluta,1978-01-16 07:47:04,1979-01-28 12:47:54
7265,iure,1997-02-23 01:13:54,1999-09-18 14:14:11
6340,in,1988-09-30 05:18:57,1981-06-08 11:04:51
9790,laudantium,1987-08-27 13:57:12,2010-08-19 15:07:44
4371,doloribus,2020-03-28 17:56:15,2016-03-28 21:35:35
4503,aut,2017-08-26 22:21:47,2018-01-04 14:47:45
5290,nostrum,2001-07-09 02:35:37,2013-06-30 01:22:03
2654,vero,1979-08-25 09:23:53,2013-05-31 18:35:59
6012,voluptas,1990-10-26 20:25:33,2005-11-30 16:16:26
1889,sapiente,2013-08-06 17:53:31,1984-10-24 07:37:08
3631,minima,1979-03-17 07:37:55,1995-01-03 12:27:55
4812,deleniti,2016-02-23 11:04:10,1986-06-01 02:21:18
3811,nostrum,2005-04-06 00:52:26,1997-07-06 01:19:23
5528,tenetur,1988-04-17 03:38:41,2003-02-15 11:30:17
6170,aperiam,2007-09-24 08:46:19,1973-08-28 03:57:04
8258,maxime,1980-08-19 18:35:09,2017-10-24 18:29:46
7253,accusantium,2007-09-22 06:37:19,2016-05-20 07:14:34
3371,exercitationem,1974-06-12 08:31:32,2003-05-14 11:08:24
5332,voluptate,2004-05-11 13:09:59,2012-08-06 23:02:55
8558,asperiores,1985-11-19 20:16:52,2007-12-19 07:25:59
890,consectetur,2024-02-11 10:09:55,1970-04-28 01:40:20
3505,nam,1981-01-09 17:07:44,2019-08-24 12:41:45
3715,pariatur,1971-05-18 05:04:18,1994-01-16 13:41:16
4152,doloremque,1980-03-12 14:55:50,2009-08-07 00:25:21
8817,libero,2009-06-13 04:01:55,2000-11-29 12:46:29
6233,iusto,2001-07-09 11:33:53,2008-06-25 00:12:05
8968,atque,2016-10-03 04:22:36,2021-11-20 06:13:00
3761,hic,2006-10-28 19:16:56,2023-10-24 21:16:15
1141,modi,1974-06-06 00:09:56,1971-07-18 22:58:16
4963,quo,2018-05-15 07:30:13,1993-07-06 11:07:35
6331,veniam,2022-02-15 07:28:46,2007-05-08 14:59:54
3398,reprehenderit,1995-12-28 15:54:24,2018-11-04 23:04:27
1439,cupiditate,1988-11-30 03:26:40,1999-06-23 06:19:29
2891,eaque,1975-09-21 16:29:59,2018-07-24 19:33:40
586,dolorum,2006-11-23 17:24:17,1981-08-25 18:19:45
1674,dolores,1971-06-30 16:34:50,2009-08-14 05:21:08
8380,delectus,1974-03-22 20:25:15,2021-03-31 17:56:38
7147,aut,1975-01-30 18:48:59,2007-11-28 17:14:36
2535,facilis,2018-04-04 18:52:30,1979-03-24 15:31:15
