id,status,created_at,updated_at
599,approve,2015-09-14 14:18:26,1981-01-14 21:25:37
559,approve,1984-09-15 19:31:35,1995-11-05 01:46:16
9166,reject,2014-07-07 19:53:04,1999-01-22 11:05:47
2980,reject,1993-11-21 09:10:31,1975-01-11 06:00:58
8312,approve,1976-02-25 21:17:00,1984-11-27 13:37:35
5756,approve,1996-11-03 19:10:14,1978-06-07 15:57:37
5284,reject,2008-04-12 15:53:37,2018-05-01 12:06:37
74,approve,2006-12-10 20:58:32,1984-12-26 00:17:18
6366,approve,2024-05-17 02:21:12,2011-07-25 15:25:35
8906,approve,1982-05-21 19:35:07,1982-01-01 14:49:31
244,reject,2001-11-15 19:07:28,2009-07-31 00:08:25
2173,need review,1983-01-19 09:56:38,2000-05-07 06:34:09
3796,need review,1974-02-23 03:35:55,2005-06-01 03:01:08
8966,approve,2013-11-01 16:25:30,1977-10-09 17:07:24
4056,approve,2021-11-21 02:02:25,1996-05-09 05:57:37
5120,reject,1984-01-31 22:20:57,1972-07-29 08:56:20
5872,need review,2001-08-18 02:27:02,1979-05-05 11:32:47
1386,need review,1984-03-07 00:35:44,1978-01-30 22:28:18
5856,reject,1986-05-15 20:01:12,1986-06-22 18:51:22
9070,approve,2012-10-15 14:43:19,1994-06-28 06:38:16
9935,approve,1999-08-22 23:06:48,2008-05-10 05:49:23
1476,approve,1987-10-18 10:38:44,1971-08-29 18:35:25
3495,approve,1981-01-24 02:55:34,1980-11-21 18:39:44
1776,approve,2018-02-03 10:57:30,1974-02-12 10:58:42
3767,reject,2014-10-28 15:47:32,1986-11-13 00:17:14
4293,reject,1983-05-13 16:42:14,2013-10-19 02:13:35
6925,approve,1999-03-05 00:19:18,1993-07-03 07:49:48
77,need review,2018-03-10 18:03:28,2019-07-18 10:55:40
222,need review,1995-03-22 17:17:04,1997-08-21 20:49:35
9967,need review,1979-12-11 08:35:04,1986-04-07 12:14:29
1389,need review,1984-11-27 07:27:44,1985-09-23 15:59:11
688,need review,1982-11-21 05:35:20,2015-04-26 15:02:14
4606,need review,1971-11-24 15:39:21,2009-01-07 03:38:48
8988,need review,1987-03-25 07:03:51,2005-09-04 12:23:12
5184,approve,1985-05-02 17:44:50,2014-04-30 16:04:16
623,reject,2003-09-21 05:06:31,1986-06-21 19:37:34
7351,need review,2020-01-03 03:15:10,1983-05-23 12:26:21
5554,need review,1989-10-08 07:47:49,2012-02-02 01:47:19
4818,approve,2007-01-06 19:29:12,1999-11-24 06:31:56
9107,reject,2018-07-01 05:25:01,1996-05-11 21:06:44
9384,need review,1979-01-01 12:46:19,2003-02-03 20:06:14
9818,approve,1978-03-06 09:58:26,2015-03-07 00:56:16
6115,need review,2011-05-24 01:20:32,1976-06-07 05:38:37
8259,approve,1995-06-14 02:14:13,1986-08-15 07:55:00
6520,reject,1993-07-14 00:05:41,2016-07-16 08:32:14
3198,approve,2008-11-21 17:26:15,1996-01-28 17:13:37
9779,reject,2005-11-03 11:36:21,2006-03-04 12:28:11
9730,approve,2017-06-04 02:45:43,1998-10-25 05:51:23
2652,reject,2004-04-16 15:38:50,2013-09-24 05:01:42
566,need review,1975-09-09 00:37:44,1981-05-21 22:42:27
6867,approve,1996-09-03 03:56:38,1995-01-26 21:49:16
1227,need review,2000-10-13 09:27:10,2010-05-13 11:59:03
6843,approve,1977-01-19 17:37:12,2011-02-16 13:38:15
5170,need review,1975-05-07 00:58:39,1988-12-26 18:54:56
3062,approve,1995-02-04 03:04:44,1990-03-09 14:55:14
741,reject,1995-10-03 05:31:17,1987-06-14 02:10:03
6098,approve,2011-02-24 14:27:54,2024-03-09 20:18:52
9474,approve,2011-01-06 06:36:09,2013-04-16 11:44:15
2504,approve,1970-06-15 21:25:09,1997-09-29 09:19:43
9907,need review,2009-03-14 05:39:19,2006-03-22 07:16:27
1964,need review,1985-12-24 00:58:57,1997-10-19 21:15:42
1944,reject,1988-03-28 13:14:07,1997-12-17 16:30:48
2710,approve,1978-02-03 16:41:01,2012-01-05 04:33:36
3471,reject,1991-04-07 08:48:06,1976-02-24 00:49:29
4791,approve,2004-12-10 14:45:32,1990-02-15 05:20:30
899,need review,2001-12-06 13:59:59,1971-08-03 22:52:28
6728,approve,2004-09-02 00:45:45,1985-04-14 13:03:16
5413,reject,1979-03-01 07:42:53,2001-10-17 02:48:32
8497,need review,1991-10-13 10:36:39,2015-12-07 04:49:11
2617,need review,2003-12-03 17:07:33,2003-12-13 11:09:47
2806,need review,1970-04-29 04:43:32,1997-08-13 21:21:25
8615,reject,1998-04-30 16:53:39,1987-01-04 06:31:57
8063,reject,1970-08-10 21:37:24,1986-04-28 21:53:29
8511,reject,1980-07-03 06:44:51,2013-10-11 16:22:46
4835,reject,2013-10-24 07:53:35,2013-07-07 06:26:44
8071,approve,2012-01-25 21:03:21,2021-03-11 20:23:24
1223,approve,1970-03-08 21:10:58,1977-06-12 22:24:17
197,reject,1980-05-24 19:50:33,2005-10-10 01:48:21
8964,approve,1988-09-10 16:08:01,2005-07-14 13:52:18
9616,need review,2014-08-08 15:25:06,1970-01-22 12:05:18
2490,reject,2008-06-26 03:09:54,2002-10-19 03:47:36
817,reject,1992-11-09 10:12:14,1996-11-12 19:17:05
1286,approve,2022-10-17 02:46:04,2014-09-27 15:31:29
2460,reject,2014-05-27 23:44:22,1990-11-29 02:02:22
1434,reject,1996-05-01 19:13:54,1985-01-11 01:44:20
8882,need review,2021-05-18 13:17:03,2023-01-25 00:37:45
2583,reject,2020-02-14 06:07:39,1995-12-12 00:47:37
7354,reject,1975-05-18 15:20:20,2007-11-08 03:32:12
2466,need review,2009-08-21 22:38:59,1972-01-15 23:50:26
4588,need review,2017-08-01 21:50:30,2009-03-01 18:42:57
557,reject,1989-11-12 10:37:33,1986-04-30 22:17:04
5727,need review,2001-07-19 14:32:42,1971-09-19 05:35:18
7964,need review,2018-07-05 19:27:34,1991-05-25 04:37:50
4562,reject,2000-11-24 02:40:21,2014-02-24 13:03:55
2148,reject,1973-11-10 12:55:43,2000-01-22 02:06:54
8234,approve,2023-10-05 11:18:26,2008-10-25 17:46:44
4423,need review,2011-08-22 00:22:22,2020-02-26 10:42:21
5243,reject,2005-07-10 21:24:41,2019-03-29 10:00:45
7734,reject,2020-05-12 00:05:36,2013-05-08 12:40:30
3516,reject,2007-03-13 10:50:21,2018-10-26 10:59:57
6331,need review,1981-02-06 22:53:37,1995-10-08 09:51:25
2211,approve,2008-03-15 15:43:56,2015-11-11 17:43:56
8005,need review,2012-02-20 11:32:08,1974-04-07 13:12:28
9349,need review,2011-06-26 09:50:50,1989-04-07 21:44:36
5753,approve,1980-05-08 11:07:42,1985-06-24 00:27:43
6803,approve,2011-10-15 12:22:55,2008-10-09 19:29:28
8686,approve,1975-04-20 21:48:25,2009-08-06 17:11:20
3006,approve,2016-05-23 12:08:13,2017-12-14 06:18:28
7675,need review,2006-12-16 22:28:27,2013-08-01 05:23:22
2820,approve,2005-04-19 07:41:06,2000-07-04 19:08:44
1093,need review,1992-03-08 16:55:15,1988-03-08 13:39:38
6451,need review,1990-08-04 19:06:00,1996-11-10 15:36:56
7549,reject,1994-06-16 21:01:25,2004-03-20 20:26:32
6612,reject,1987-05-03 02:47:44,2007-12-24 06:35:06
2354,need review,1982-02-15 10:51:34,1991-11-29 09:14:11
8061,need review,2010-02-07 02:35:42,1973-01-21 00:09:03
2891,need review,1989-06-26 03:13:29,1996-04-26 18:29:45
9572,approve,1992-10-22 04:21:34,2021-07-08 23:30:06
6416,reject,2014-03-09 15:23:44,1991-09-23 03:17:47
3159,need review,2018-11-24 23:29:39,1981-07-04 10:28:21
4049,need review,2012-04-23 16:37:25,1993-04-20 01:26:58
7763,approve,2023-02-21 06:05:26,1987-10-28 14:07:41
166,reject,1998-09-28 22:44:44,2011-08-31 04:33:25
8413,approve,1990-11-11 03:36:57,2001-12-15 14:33:45
9891,reject,1993-01-18 04:41:36,1980-11-04 03:03:02
3865,need review,1992-07-26 03:31:16,2007-01-23 19:22:46
7369,approve,1997-01-14 04:17:23,1983-02-21 05:51:38
3872,reject,1972-11-09 18:55:54,1998-07-26 06:33:32
1964,approve,1972-11-14 10:13:34,1973-11-05 03:24:09
6061,reject,2021-12-15 06:06:07,2002-04-18 04:32:42
6605,approve,2015-07-12 04:04:24,2023-11-22 00:10:24
8650,approve,1999-06-24 05:12:47,2005-06-07 06:17:44
9269,need review,1971-03-23 23:37:55,2000-09-06 18:20:20
5542,need review,1992-10-14 10:13:31,2008-09-05 12:00:54
4388,reject,1990-11-25 11:40:21,1981-01-23 04:43:26
6330,reject,2012-11-16 08:19:43,1977-01-09 12:30:40
6519,reject,2013-12-18 13:30:52,1976-02-27 11:44:18
6851,need review,2007-10-17 12:06:27,1974-10-21 00:27:41
6438,reject,1973-07-15 19:55:32,2012-12-25 10:48:32
7009,approve,1985-12-18 12:23:48,2012-10-01 07:24:04
455,need review,2002-04-30 11:05:37,1993-08-30 16:32:44
8698,approve,1987-01-10 21:13:03,1981-09-11 13:38:13
5896,approve,2011-03-03 12:41:06,2009-11-19 17:24:40
5319,reject,1979-09-12 17:49:54,1976-11-20 03:33:37
459,reject,1973-04-06 05:00:22,1982-06-21 07:20:51
7189,need review,2015-04-09 23:33:30,2016-02-27 14:24:19
9230,reject,1990-09-17 00:34:52,2019-11-01 02:11:04
2231,reject,1978-03-09 16:43:17,2010-11-27 03:18:02
2476,approve,1984-01-19 13:29:23,1981-08-27 13:06:59
8559,approve,1979-06-22 00:16:40,2019-05-24 21:29:26
